name,englishName,scientificName,categoryName,subcategoryName,origin,difficulty,tempMin,tempMax,phMin,phMax,description,careTip,environment,husbandry_features,notes,localImagePath,size,lifespan,diet,compatibility
草金鱼,Common Goldfish,Carassius auratus,冷水/国粹,金鱼,中国,easy,4,30,7,8,最原始金鱼，游速快，体质强健。,适合大缸或池养，跳缸高手。,喜欢宽阔的静水环境，水体含氧量需较高。底砂宜选用圆润的鹅卵石，避免尖锐造景划伤鱼体。光照适中，利于发色。,食欲旺盛，排泄量大，需要强大的物理过滤系统。喂食应遵循'少食多餐'原则，避免投喂过多导致消化不良或坏水。换水频率需根据密度调整。,金鱼没有胃，不知饱足，切忌喂撑。对水温剧烈变化敏感，换水时务必注意温差（控制在2℃以内）。容易患鱼鳔失调症，尽量投喂沉底饲料。,/Users/wanshuiwanqigaozhishang/Downloads/MINIAPP/images/fish_001_carassius.jpg,15-30,10-15,杂食,同类
兰寿,Ranchu,Carassius auratus var.,冷水/国粹,金鱼,日本,medium,15,25,7,8,无背鳍，头部肉瘤发达。,水位浅，水流静，少食多餐。,喜欢宽阔的静水环境，水体含氧量需较高。底砂宜选用圆润的鹅卵石，避免尖锐造景划伤鱼体。光照适中，利于发色。,食欲旺盛，排泄量大，需要强大的物理过滤系统。喂食应遵循'少食多餐'原则，避免投喂过多导致消化不良或坏水。换水频率需根据密度调整。,金鱼没有胃，不知饱足，切忌喂撑。对水温剧烈变化敏感，换水时务必注意温差（控制在2℃以内）。容易患鱼鳔失调症，尽量投喂沉底饲料。,/Users/wanshuiwanqigaozhishang/Downloads/MINIAPP/images/fish_002_carassius.jpg,12-20,10-15,杂食,同类
泰狮,Thai Oranda,Carassius auratus var.,冷水/国粹,金鱼,泰国,medium,18,26,7,8,尾鳍宽大飘逸，侧视极佳。,需深水位，保持水质清洁。,喜欢宽阔的静水环境，水体含氧量需较高。底砂宜选用圆润的鹅卵石，避免尖锐造景划伤鱼体。光照适中，利于发色。,食欲旺盛，排泄量大，需要强大的物理过滤系统。喂食应遵循'少食多餐'原则，避免投喂过多导致消化不良或坏水。换水频率需根据密度调整。,金鱼没有胃，不知饱足，切忌喂撑。对水温剧烈变化敏感，换水时务必注意温差（控制在2℃以内）。容易患鱼鳔失调症，尽量投喂沉底饲料。,/Users/wanshuiwanqigaozhishang/Downloads/MINIAPP/images/fish_baidu_泰狮_carassius.jpg,15-25,10-15,杂食,同类
琉金,Ryukin,Carassius auratus var.,冷水/国粹,金鱼,中日,medium,15,25,7,8,背部高耸，身体短圆。,易失鳔，喂食需谨慎。,喜欢宽阔的静水环境，水体含氧量需较高。底砂宜选用圆润的鹅卵石，避免尖锐造景划伤鱼体。光照适中，利于发色。,食欲旺盛，排泄量大，需要强大的物理过滤系统。喂食应遵循'少食多餐'原则，避免投喂过多导致消化不良或坏水。换水频率需根据密度调整。,金鱼没有胃，不知饱足，切忌喂撑。对水温剧烈变化敏感，换水时务必注意温差（控制在2℃以内）。容易患鱼鳔失调症，尽量投喂沉底饲料。,/Users/wanshuiwanqigaozhishang/Downloads/MINIAPP/images/fish_004_carassius.jpg,12-18,10-15,杂食,同类
蝶尾,Butterfly Telescope,Carassius auratus var.,冷水/国粹,金鱼,中国,medium,15,25,7,8,尾鳍如蝶，俯视观赏。,避开尖锐造景，防挂伤。,喜欢宽阔的静水环境，水体含氧量需较高。底砂宜选用圆润的鹅卵石，避免尖锐造景划伤鱼体。光照适中，利于发色。,食欲旺盛，排泄量大，需要强大的物理过滤系统。喂食应遵循'少食多餐'原则，避免投喂过多导致消化不良或坏水。换水频率需根据密度调整。,金鱼没有胃，不知饱足，切忌喂撑。对水温剧烈变化敏感，换水时务必注意温差（控制在2℃以内）。容易患鱼鳔失调症，尽量投喂沉底饲料。,/Users/wanshuiwanqigaozhishang/Downloads/MINIAPP/images/fish_005_carassius.jpg,12-18,8-12,杂食,同类
珍珠鳞,Pearlscale,Carassius auratus var.,冷水/国粹,金鱼,中国,hard,18,25,7,8,鳞片如珍珠，体如球。,肠胃弱，温差需小。,喜欢宽阔的静水环境，水体含氧量需较高。底砂宜选用圆润的鹅卵石，避免尖锐造景划伤鱼体。光照适中，利于发色。,食欲旺盛，排泄量大，需要强大的物理过滤系统。喂食应遵循'少食多餐'原则，避免投喂过多导致消化不良或坏水。换水频率需根据密度调整。,金鱼没有胃，不知饱足，切忌喂撑。对水温剧烈变化敏感，换水时务必注意温差（控制在2℃以内）。容易患鱼鳔失调症，尽量投喂沉底饲料。,/Users/wanshuiwanqigaozhishang/Downloads/MINIAPP/images/fish_006_carassius.jpg,10-15,5-10,杂食,同类
水泡眼,Bubble Eye,Carassius auratus var.,冷水/国粹,金鱼,中国,hard,15,25,7,8,眼下有巨大水泡。,绝对避免尖锐物，甚至过滤口也要包。,喜欢宽阔的静水环境，水体含氧量需较高。底砂宜选用圆润的鹅卵石，避免尖锐造景划伤鱼体。光照适中，利于发色。,食欲旺盛，排泄量大，需要强大的物理过滤系统。喂食应遵循'少食多餐'原则，避免投喂过多导致消化不良或坏水。换水频率需根据密度调整。,金鱼没有胃，不知饱足，切忌喂撑。对水温剧烈变化敏感，换水时务必注意温差（控制在2℃以内）。容易患鱼鳔失调症，尽量投喂沉底饲料。,/Users/wanshuiwanqigaozhishang/Downloads/MINIAPP/images/fish_007_carassius.jpg,10-15,5-10,杂食,同类单养
丹顶红帽,Red Cap Oranda,Carassius auratus var.,冷水/国粹,金鱼,中国,medium,15,25,7,8,通体白，头顶红肉瘤。,寓意鸿运当头，受人喜爱。,喜欢宽阔的静水环境，水体含氧量需较高。底砂宜选用圆润的鹅卵石，避免尖锐造景划伤鱼体。光照适中，利于发色。,食欲旺盛，排泄量大，需要强大的物理过滤系统。喂食应遵循'少食多餐'原则，避免投喂过多导致消化不良或坏水。换水频率需根据密度调整。,金鱼没有胃，不知饱足，切忌喂撑。对水温剧烈变化敏感，换水时务必注意温差（控制在2℃以内）。容易患鱼鳔失调症，尽量投喂沉底饲料。,/Users/wanshuiwanqigaozhishang/Downloads/MINIAPP/images/fish_008_carassius.jpg,12-18,10-15,杂食,同类
黑兰寿,Black Ranchu,Carassius auratus var.,冷水/国粹,金鱼,日本,medium,15,25,7,8,通体漆黑的兰寿。,黑色素不稳定，需深色背景保色。,喜欢宽阔的静水环境，水体含氧量需较高。底砂宜选用圆润的鹅卵石，避免尖锐造景划伤鱼体。光照适中，利于发色。,食欲旺盛，排泄量大，需要强大的物理过滤系统。喂食应遵循'少食多餐'原则，避免投喂过多导致消化不良或坏水。换水频率需根据密度调整。,金鱼没有胃，不知饱足，切忌喂撑。对水温剧烈变化敏感，换水时务必注意温差（控制在2℃以内）。容易患鱼鳔失调症，尽量投喂沉底饲料。,/Users/wanshuiwanqigaozhishang/Downloads/MINIAPP/images/fish_009_carassius.jpg,12-20,10-15,杂食,同类
土佐金,Tosakin,Carassius auratus var.,冷水/国粹,金鱼,日本,hard,15,25,7,8,尾鳍反转卷曲，宛如盛开花朵。,静水浅盆饲养，极难照顾。,喜欢宽阔的静水环境，水体含氧量需较高。底砂宜选用圆润的鹅卵石，避免尖锐造景划伤鱼体。光照适中，利于发色。,食欲旺盛，排泄量大，需要强大的物理过滤系统。喂食应遵循'少食多餐'原则，避免投喂过多导致消化不良或坏水。换水频率需根据密度调整。,金鱼没有胃，不知饱足，切忌喂撑。对水温剧烈变化敏感，换水时务必注意温差（控制在2℃以内）。容易患鱼鳔失调症，尽量投喂沉底饲料。,/Users/wanshuiwanqigaozhishang/Downloads/MINIAPP/images/fish_baidu_土佐金_carassius.jpg,12-18,5-10,杂食,同类单养
昭和三色,Showa Koi,Cyprinus rubrofuscus,冷水/国粹,锦鲤/原生,日本,medium,5,30,7,8.5,黑底红白纹，胸鳍有墨。,池养首选，甚至可长到1米。,原产于河流或湖泊，适应性极强。锦鲤适合大型地缸或池塘饲养，需要极大的活动空间。原生鱼多喜好有水流、底砂和石块的模拟溪流环境。,生长迅速，体型巨大（尤其是锦鲤）。杂食性，几乎不挑食。需要高溶解氧环境，夏季注意防暑降温，冬季可自然越冬（锦鲤）。,锦鲤跳跃能力强，新入缸/池需加盖。排泄能力极强，生化过滤必须足够强大。体表粘液丰富，抓取时需小心。,/Users/wanshuiwanqigaozhishang/Downloads/MINIAPP/images/fish_011_cyprinus.jpg,60-100,25-35,杂食,同类
大正三色,Taisho Sanke,Cyprinus rubrofuscus,冷水/国粹,锦鲤/原生,日本,medium,5,30,7,8.5,白底红黑纹，头无黑斑。,需强大过滤，能吃能拉。,原产于河流或湖泊，适应性极强。锦鲤适合大型地缸或池塘饲养，需要极大的活动空间。原生鱼多喜好有水流、底砂和石块的模拟溪流环境。,生长迅速，体型巨大（尤其是锦鲤）。杂食性，几乎不挑食。需要高溶解氧环境，夏季注意防暑降温，冬季可自然越冬（锦鲤）。,锦鲤跳跃能力强，新入缸/池需加盖。排泄能力极强，生化过滤必须足够强大。体表粘液丰富，抓取时需小心。,/Users/wanshuiwanqigaozhishang/Downloads/MINIAPP/images/fish_012_cyprinus.jpg,60-100,25-35,杂食,同类
红白锦鲤,Kohaku,Cyprinus rubrofuscus,冷水/国粹,锦鲤/原生,日本,medium,5,30,7,8.5,白底红纹，始于红白终于红白。,鉴赏标准极高。,原产于河流或湖泊，适应性极强。锦鲤适合大型地缸或池塘饲养，需要极大的活动空间。原生鱼多喜好有水流、底砂和石块的模拟溪流环境。,生长迅速，体型巨大（尤其是锦鲤）。杂食性，几乎不挑食。需要高溶解氧环境，夏季注意防暑降温，冬季可自然越冬（锦鲤）。,锦鲤跳跃能力强，新入缸/池需加盖。排泄能力极强，生化过滤必须足够强大。体表粘液丰富，抓取时需小心。,/Users/wanshuiwanqigaozhishang/Downloads/MINIAPP/images/fish_013_cyprinus.jpg,60-100,25-35,杂食,同类
写鲤,Utsurimono,Cyprinus rubrofuscus,冷水/国粹,锦鲤/原生,日本,medium,5,30,7,8.5,黑底单色斑纹（白写、绯写）。,对比强烈，非常有韵味。,原产于河流或湖泊，适应性极强。锦鲤适合大型地缸或池塘饲养，需要极大的活动空间。原生鱼多喜好有水流、底砂和石块的模拟溪流环境。,生长迅速，体型巨大（尤其是锦鲤）。杂食性，几乎不挑食。需要高溶解氧环境，夏季注意防暑降温，冬季可自然越冬（锦鲤）。,锦鲤跳跃能力强，新入缸/池需加盖。排泄能力极强，生化过滤必须足够强大。体表粘液丰富，抓取时需小心。,/Users/wanshuiwanqigaozhishang/Downloads/MINIAPP/images/fish_014_cyprinus.jpg,60-100,25-35,杂食,同类
黄金锦鲤,Ogon Koi,Cyprinus rubrofuscus,冷水/国粹,锦鲤/原生,日本,medium,5,30,7,8.5,通体金黄单色。,在浊水中也清晰可见，寓意招财。,原产于河流或湖泊，适应性极强。锦鲤适合大型地缸或池塘饲养，需要极大的活动空间。原生鱼多喜好有水流、底砂和石块的模拟溪流环境。,生长迅速，体型巨大（尤其是锦鲤）。杂食性，几乎不挑食。需要高溶解氧环境，夏季注意防暑降温，冬季可自然越冬（锦鲤）。,锦鲤跳跃能力强，新入缸/池需加盖。排泄能力极强，生化过滤必须足够强大。体表粘液丰富，抓取时需小心。,/Users/wanshuiwanqigaozhishang/Downloads/MINIAPP/images/fish_015_cyprinus.jpg,60-100,25-35,杂食,同类
中国斗鱼,Paradise Fish,Macropodus opercularis,迷鳃/斗鱼,原生斗鱼,中国,easy,10,28,6,8,国斗，耐寒耐低氧。,防跳，雄性不可混养。,原产于河流或湖泊，适应性极强。锦鲤适合大型地缸或池塘饲养，需要极大的活动空间。原生鱼多喜好有水流、底砂和石块的模拟溪流环境。,生长迅速，体型巨大（尤其是锦鲤）。杂食性，几乎不挑食。需要高溶解氧环境，夏季注意防暑降温，冬季可自然越冬（锦鲤）。,锦鲤跳跃能力强，新入缸/池需加盖。排泄能力极强，生化过滤必须足够强大。体表粘液丰富，抓取时需小心。,/Users/wanshuiwanqigaozhishang/Downloads/MINIAPP/images/fish_baidu_中国斗鱼_macropodus.jpg,6-8,3-5,杂食,雄性单养
圆尾斗鱼,Round Tail Paradise Fish,Macropodus ocellatus,迷鳃/斗鱼,原生斗鱼,中国北方,easy,4,25,6,8,尾鳍圆形，耐寒性极强。,甚至可冰下越冬。,原产于河流或湖泊，适应性极强。锦鲤适合大型地缸或池塘饲养，需要极大的活动空间。原生鱼多喜好有水流、底砂和石块的模拟溪流环境。,生长迅速，体型巨大（尤其是锦鲤）。杂食性，几乎不挑食。需要高溶解氧环境，夏季注意防暑降温，冬季可自然越冬（锦鲤）。,锦鲤跳跃能力强，新入缸/池需加盖。排泄能力极强，生化过滤必须足够强大。体表粘液丰富，抓取时需小心。,/Users/wanshuiwanqigaozhishang/Downloads/MINIAPP/images/fish_baidu_圆尾斗鱼_macropodus.jpg,5-7,3-5,杂食,雄性单养
白云金丝,White Cloud Minnow,Tanichthys albonubes,鲤科/小型,亚洲小型,中国,easy,5,26,6,8,小型冷水鱼，群游美丽。,无需加热，适合草缸。,原产于河流或湖泊，适应性极强。锦鲤适合大型地缸或池塘饲养，需要极大的活动空间。原生鱼多喜好有水流、底砂和石块的模拟溪流环境。,生长迅速，体型巨大（尤其是锦鲤）。杂食性，几乎不挑食。需要高溶解氧环境，夏季注意防暑降温，冬季可自然越冬（锦鲤）。,锦鲤跳跃能力强，新入缸/池需加盖。排泄能力极强，生化过滤必须足够强大。体表粘液丰富，抓取时需小心。,/Users/wanshuiwanqigaozhishang/Downloads/MINIAPP/images/fish_018_tanichthys.jpg,3-4,3-5,杂食,群居温和
鳑鲏,Bitterling,Rhodeus,冷水/国粹,锦鲤/原生,东亚,medium,10,24,6.5,7.5,需河蚌繁殖，发色艳丽。,原生缸必备，高氧冷水。,原产于河流或湖泊，适应性极强。锦鲤适合大型地缸或池塘饲养，需要极大的活动空间。原生鱼多喜好有水流、底砂和石块的模拟溪流环境。,生长迅速，体型巨大（尤其是锦鲤）。杂食性，几乎不挑食。需要高溶解氧环境，夏季注意防暑降温，冬季可自然越冬（锦鲤）。,锦鲤跳跃能力强，新入缸/池需加盖。排泄能力极强，生化过滤必须足够强大。体表粘液丰富，抓取时需小心。,/Users/wanshuiwanqigaozhishang/Downloads/MINIAPP/images/fish_baidu_鳑鲏_rhodeus.jpg,4-8,3-5,杂食,群居温和
宽鳍鱲,Zacco platypus,Zacco platypus,冷水/国粹,锦鲤/原生,东亚,hard,10,25,7,8,溪流霸主，体色如彩虹。,需极强水流和高氧，防止跳缸。,原产于河流或湖泊，适应性极强。锦鲤适合大型地缸或池塘饲养，需要极大的活动空间。原生鱼多喜好有水流、底砂和石块的模拟溪流环境。,生长迅速，体型巨大（尤其是锦鲤）。杂食性，几乎不挑食。需要高溶解氧环境，夏季注意防暑降温，冬季可自然越冬（锦鲤）。,锦鲤跳跃能力强，新入缸/池需加盖。排泄能力极强，生化过滤必须足够强大。体表粘液丰富，抓取时需小心。,/Users/wanshuiwanqigaozhishang/Downloads/MINIAPP/images/fish_baidu_宽鳍鱲_zacco.jpg,10-15,3-5,杂食,同类
红绿灯,Neon Tetra,Paracheirodon innesi,灯科/加拉辛,南美小型,亚马逊,easy,20,26,5.5,7,最经典灯鱼，红蓝条纹。,水质稳后放入，新水易死。,多生活在亚马逊雨林的黑水或清水流域。喜好弱酸性软水（老水），光线不宜过强，适合种植丰富水草的草缸环境。,群游性强，建议单品种10条以上群养以展示群游美感。性格多温和，适合与短鲷、鼠鱼等混养。对水质波动敏感。,新鱼入缸极易产生'白点病'，需严格过水。胆小易受惊，避免剧烈拍打鱼缸。体型微小，避免与大嘴鱼混养以免成为点心。,/Users/wanshuiwanqigaozhishang/Downloads/MINIAPP/images/fish_021_paracheirodon.jpg,2-3,5-8,杂食,群居温和
宝莲灯,Cardinal Tetra,Paracheirodon axelrodi,灯科/加拉辛,南美小型,南美,medium,24,30,4.5,6.5,红纹贯穿全身，比红绿灯大。,喜老水高温。,多生活在亚马逊雨林的黑水或清水流域。喜好弱酸性软水（老水），光线不宜过强，适合种植丰富水草的草缸环境。,群游性强，建议单品种10条以上群养以展示群游美感。性格多温和，适合与短鲷、鼠鱼等混养。对水质波动敏感。,新鱼入缸极易产生'白点病'，需严格过水。胆小易受惊，避免剧烈拍打鱼缸。体型微小，避免与大嘴鱼混养以免成为点心。,/Users/wanshuiwanqigaozhishang/Downloads/MINIAPP/images/fish_022_paracheirodon.jpg,3-4,5-8,杂食,群居温和
红鼻剪刀,Rummy-nose Tetra,Hemigrammus rhodostomus,灯科/加拉辛,南美小型,南美,medium,24,28,6,7,头红尾格纹，群游之王。,水质指示鱼，状态差头不红。,多生活在亚马逊雨林的黑水或清水流域。喜好弱酸性软水（老水），光线不宜过强，适合种植丰富水草的草缸环境。,群游性强，建议单品种10条以上群养以展示群游美感。性格多温和，适合与短鲷、鼠鱼等混养。对水质波动敏感。,新鱼入缸极易产生'白点病'，需严格过水。胆小易受惊，避免剧烈拍打鱼缸。体型微小，避免与大嘴鱼混养以免成为点心。,/Users/wanshuiwanqigaozhishang/Downloads/MINIAPP/images/fish_baidu_红鼻剪刀_hemigrammus.jpg,4-5,5-8,杂食,群居温和
黑幻影,Black Phantom Tetra,Hyphessobrycon megalopterus,灯科/加拉辛,南美小型,南美,easy,22,28,6,7.5,黑斑高背鳍，夸示行为有趣。,适合暗色造景。,多生活在亚马逊雨林的黑水或清水流域。喜好弱酸性软水（老水），光线不宜过强，适合种植丰富水草的草缸环境。,群游性强，建议单品种10条以上群养以展示群游美感。性格多温和，适合与短鲷、鼠鱼等混养。对水质波动敏感。,新鱼入缸极易产生'白点病'，需严格过水。胆小易受惊，避免剧烈拍打鱼缸。体型微小，避免与大嘴鱼混养以免成为点心。,/Users/wanshuiwanqigaozhishang/Downloads/MINIAPP/images/fish_final_黑幻影_hyphessobrycon.jpg,4-5,5-8,杂食,群居温和
帝王灯,Emperor Tetra,Nematobrycon palmeri,灯科/加拉辛,南美小型,哥伦比亚,easy,23,27,6,7.5,蓝紫光泽，公鱼尾鳍延长。,有些领地意识。,多生活在亚马逊雨林的黑水或清水流域。喜好弱酸性软水（老水），光线不宜过强，适合种植丰富水草的草缸环境。,群游性强，建议单品种10条以上群养以展示群游美感。性格多温和，适合与短鲷、鼠鱼等混养。对水质波动敏感。,新鱼入缸极易产生'白点病'，需严格过水。胆小易受惊，避免剧烈拍打鱼缸。体型微小，避免与大嘴鱼混养以免成为点心。,/Users/wanshuiwanqigaozhishang/Downloads/MINIAPP/images/fish_baidu_帝王灯_nematobrycon.jpg,5-6,5-8,杂食,群居温和
扯旗鱼,Serpae Tetra,Hyphessobrycon eques,灯科/加拉辛,南美小型,南美,easy,22,26,6,7.5,红色体色，背鳍黑斑。,嘴贱咬鳍，勿混养长鳍鱼。,多生活在亚马逊雨林的黑水或清水流域。喜好弱酸性软水（老水），光线不宜过强，适合种植丰富水草的草缸环境。,群游性强，建议单品种10条以上群养以展示群游美感。性格多温和，适合与短鲷、鼠鱼等混养。对水质波动敏感。,新鱼入缸极易产生'白点病'，需严格过水。胆小易受惊，避免剧烈拍打鱼缸。体型微小，避免与大嘴鱼混养以免成为点心。,/Users/wanshuiwanqigaozhishang/Downloads/MINIAPP/images/fish_final_扯旗鱼_hyphessobrycon.jpg,4-5,3-5,杂食,有攻击性
黑莲灯,Black Neon Tetra,Hyphessobrycon herbertaxelrodi,灯科/加拉辛,南美小型,巴西,easy,22,27,6,7.5,黑白条纹，低调奢华。,极其皮实。,多生活在亚马逊雨林的黑水或清水流域。喜好弱酸性软水（老水），光线不宜过强，适合种植丰富水草的草缸环境。,群游性强，建议单品种10条以上群养以展示群游美感。性格多温和，适合与短鲷、鼠鱼等混养。对水质波动敏感。,新鱼入缸极易产生'白点病'，需严格过水。胆小易受惊，避免剧烈拍打鱼缸。体型微小，避免与大嘴鱼混养以免成为点心。,/Users/wanshuiwanqigaozhishang/Downloads/MINIAPP/images/fish_baidu_黑莲灯_hyphessobrycon.jpg,3-4,5-8,杂食,群居温和
金丝灯,Gold Tetra,Hemigrammus rodwayi,灯科/加拉辛,南美小型,圭亚那,medium,24,28,6,7,体表有金色反光粉。,金色来自寄生虫（无害），人工繁殖会褪色。,多生活在亚马逊雨林的黑水或清水流域。喜好弱酸性软水（老水），光线不宜过强，适合种植丰富水草的草缸环境。,群游性强，建议单品种10条以上群养以展示群游美感。性格多温和，适合与短鲷、鼠鱼等混养。对水质波动敏感。,新鱼入缸极易产生'白点病'，需严格过水。胆小易受惊，避免剧烈拍打鱼缸。体型微小，避免与大嘴鱼混养以免成为点心。,/Users/wanshuiwanqigaozhishang/Downloads/MINIAPP/images/fish_final_金丝灯_hemigrammus.jpg,4-5,5-8,杂食,群居温和
柠檬灯,Lemon Tetra,Hyphessobrycon pulchripinnis,灯科/加拉辛,南美小型,南美,easy,23,28,6,7.5,通体柠檬黄，眼红。,群养发色极美。,多生活在亚马逊雨林的黑水或清水流域。喜好弱酸性软水（老水），光线不宜过强，适合种植丰富水草的草缸环境。,群游性强，建议单品种10条以上群养以展示群游美感。性格多温和，适合与短鲷、鼠鱼等混养。对水质波动敏感。,新鱼入缸极易产生'白点病'，需严格过水。胆小易受惊，避免剧烈拍打鱼缸。体型微小，避免与大嘴鱼混养以免成为点心。,/Users/wanshuiwanqigaozhishang/Downloads/MINIAPP/images/fish_baidu_柠檬灯_hyphessobrycon.jpg,4-5,5-8,杂食,群居温和
企鹅灯,Penguin Tetra,Thayeria boehlkei,灯科/加拉辛,南美小型,亚马逊,easy,22,28,6,7.5,黑色条纹拐弯至尾叶。,泳姿独特，头朝上游动。,多生活在亚马逊雨林的黑水或清水流域。喜好弱酸性软水（老水），光线不宜过强，适合种植丰富水草的草缸环境。,群游性强，建议单品种10条以上群养以展示群游美感。性格多温和，适合与短鲷、鼠鱼等混养。对水质波动敏感。,新鱼入缸极易产生'白点病'，需严格过水。胆小易受惊，避免剧烈拍打鱼缸。体型微小，避免与大嘴鱼混养以免成为点心。,/Users/wanshuiwanqigaozhishang/Downloads/MINIAPP/images/fish_baidu_企鹅灯_thayeria.jpg,5-6,5-8,杂食,群居温和
玻璃拉拉,Glass Fish,Parambassis ranga,鲤科/小型,亚洲小型,亚洲,medium,20,26,7,8,通体透明可见骨骼。,市面多为人工注色（掉色），建议买原色。,多生活在亚马逊雨林的黑水或清水流域。喜好弱酸性软水（老水），光线不宜过强，适合种植丰富水草的草缸环境。,群游性强，建议单品种10条以上群养以展示群游美感。性格多温和，适合与短鲷、鼠鱼等混养。对水质波动敏感。,新鱼入缸极易产生'白点病'，需严格过水。胆小易受惊，避免剧烈拍打鱼缸。体型微小，避免与大嘴鱼混养以免成为点心。,/Users/wanshuiwanqigaozhishang/Downloads/MINIAPP/images/fish_baidu_玻璃拉拉_parambassis.jpg,5-8,3-5,杂食,群居温和
三角灯,Harlequin Rasbora,Trigonostigma heteromorpha,鲤科/小型,亚洲小型,东南亚,easy,22,27,5.5,7,体侧黑色三角斑。,喜酸性老水，群游紧密。,多生活在亚马逊雨林的黑水或清水流域。喜好弱酸性软水（老水），光线不宜过强，适合种植丰富水草的草缸环境。,群游性强，建议单品种10条以上群养以展示群游美感。性格多温和，适合与短鲷、鼠鱼等混养。对水质波动敏感。,新鱼入缸极易产生'白点病'，需严格过水。胆小易受惊，避免剧烈拍打鱼缸。体型微小，避免与大嘴鱼混养以免成为点心。,/Users/wanshuiwanqigaozhishang/Downloads/MINIAPP/images/fish_baidu_三角灯_trigonostigma.jpg,4-5,5-8,杂食,群居温和
一线长虹,Glowlight Tetra,Hemigrammus erythrozonus,灯科/加拉辛,南美小型,圭亚那,easy,22,28,6,7.5,透明体红橙亮线。,暗缸中如发光灯管。,多生活在亚马逊雨林的黑水或清水流域。喜好弱酸性软水（老水），光线不宜过强，适合种植丰富水草的草缸环境。,群游性强，建议单品种10条以上群养以展示群游美感。性格多温和，适合与短鲷、鼠鱼等混养。对水质波动敏感。,新鱼入缸极易产生'白点病'，需严格过水。胆小易受惊，避免剧烈拍打鱼缸。体型微小，避免与大嘴鱼混养以免成为点心。,/Users/wanshuiwanqigaozhishang/Downloads/MINIAPP/images/fish_final_一线长虹_hemigrammus.jpg,4-5,5-8,杂食,群居温和
红腹食人鱼,Red-bellied Piranha,Pygocentrus nattereri,灯科/加拉辛,其他加拉辛,亚马逊,hard,24,28,6,7,下颚强壮，群居肉食。,胆小，需大群养，勿手贱。,原生环境多样，通常为开阔水域。部分品种（如食人鱼）生活在流速缓慢的河湾。,食性各异，银板偏素食，食人鱼为肉食。多具有一定的领地性或特殊的摄食习惯。,注意区分品种习性，食人鱼切勿徒手操作。大型加拉辛（如银板）会啃食水草，不适合草缸。,/Users/wanshuiwanqigaozhishang/Downloads/MINIAPP/images/fish_baidu_红腹食人鱼_pygocentrus.jpg,25-35,10-15,肉食,同类群养
银板,Silver Dollar,Metynnis argenteus,灯科/加拉辛,其他加拉辛,南美,easy,24,28,6,7,素食版食人鱼。,吃草机器，适合裸缸。,原生环境多样，通常为开阔水域。部分品种（如食人鱼）生活在流速缓慢的河湾。,食性各异，银板偏素食，食人鱼为肉食。多具有一定的领地性或特殊的摄食习惯。,注意区分品种习性，食人鱼切勿徒手操作。大型加拉辛（如银板）会啃食水草，不适合草缸。,/Users/wanshuiwanqigaozhishang/Downloads/MINIAPP/images/fish_baidu_银板_metynnis.jpg,15-20,10-15,素食,群居温和
枯叶鱼,Leaf Fish,Monocirrhus polyacanthus,灯科/加拉辛,其他加拉辛,亚马逊,hard,24,28,5,6.5,拟态枯叶，捕食小鱼。,只吃活食，极难开口饲料。,原生环境多样，通常为开阔水域。部分品种（如食人鱼）生活在流速缓慢的河湾。,食性各异，银板偏素食，食人鱼为肉食。多具有一定的领地性或特殊的摄食习惯。,注意区分品种习性，食人鱼切勿徒手操作。大型加拉辛（如银板）会啃食水草，不适合草缸。,/Users/wanshuiwanqigaozhishang/Downloads/MINIAPP/images/fish_final_枯叶鱼_monocirrhus.jpg,8-10,5-8,肉食,单养
斑马鱼,Zebrafish,Danio rerio,鲤科/小型,热门小型,南亚,easy,18,26,6.5,7.5,条纹如斑马，耐寒。,防跳，闯缸神器。,适应性广泛，多生活在溪流或静水中。大都喜欢中性水质，适宜搭配沉木和水草。,活泼好动，游动速度快。抢食能力强，混养时需注意其他动作缓慢的鱼是否能吃到食物。,部分品种（如虎皮鱼）有'咬鳍'习性，不宜与长鳍鱼（如孔雀、神仙）混养。斑马鱼等极其耐寒，适合新手。,/Users/wanshuiwanqigaozhishang/Downloads/MINIAPP/images/fish_037_danio.jpg,4-5,3-5,杂食,群居温和
虎皮鱼,Tiger Barb,Puntigrus tetrazona,鲤科/小型,热门小型,东南亚,easy,20,26,6,7.5,黄身黑纹，活泼嘴贱。,必须群养分散攻击力。,适应性广泛，多生活在溪流或静水中。大都喜欢中性水质，适宜搭配沉木和水草。,活泼好动，游动速度快。抢食能力强，混养时需注意其他动作缓慢的鱼是否能吃到食物。,部分品种（如虎皮鱼）有'咬鳍'习性，不宜与长鳍鱼（如孔雀、神仙）混养。斑马鱼等极其耐寒，适合新手。,/Users/wanshuiwanqigaozhishang/Downloads/MINIAPP/images/fish_038_puntigrus.jpg,5-7,5-7,杂食,有攻击性
樱桃灯,Cherry Barb,Puntius titteya,鲤科/小型,热门小型,斯里兰卡,easy,22,27,6,7.5,发色后通体红。,性格温和，吃藻。,适应性广泛，多生活在溪流或静水中。大都喜欢中性水质，适宜搭配沉木和水草。,活泼好动，游动速度快。抢食能力强，混养时需注意其他动作缓慢的鱼是否能吃到食物。,部分品种（如虎皮鱼）有'咬鳍'习性，不宜与长鳍鱼（如孔雀、神仙）混养。斑马鱼等极其耐寒，适合新手。,/Users/wanshuiwanqigaozhishang/Downloads/MINIAPP/images/fish_039_puntius.jpg,4-5,5-7,杂食,群居温和
一眉道人,Denison Barb,Sahyadria denisonii,鲤科/小型,热门小型,印度,medium,15,25,6.5,7.5,红黑条纹流线型。,需高氧强水流，怕高温。,适应性广泛，多生活在溪流或静水中。大都喜欢中性水质，适宜搭配沉木和水草。,活泼好动，游动速度快。抢食能力强，混养时需注意其他动作缓慢的鱼是否能吃到食物。,部分品种（如虎皮鱼）有'咬鳍'习性，不宜与长鳍鱼（如孔雀、神仙）混养。斑马鱼等极其耐寒，适合新手。,/Users/wanshuiwanqigaozhishang/Downloads/MINIAPP/images/fish_baidu_一眉道人_sahyadria.jpg,10-15,5-8,杂食,群居温和
金波子,Gold Ram,Mikrogeophagus ramirezi var.,南美慈鲷,短鲷,改良,hard,26,30,6,7,荷兰凤凰的金色球型变种。,非常可爱但体质极弱。,适应性广泛，多生活在溪流或静水中。大都喜欢中性水质，适宜搭配沉木和水草。,活泼好动，游动速度快。抢食能力强，混养时需注意其他动作缓慢的鱼是否能吃到食物。,部分品种（如虎皮鱼）有'咬鳍'习性，不宜与长鳍鱼（如孔雀、神仙）混养。斑马鱼等极其耐寒，适合新手。,/Users/wanshuiwanqigaozhishang/Downloads/MINIAPP/images/fish_041_mikrogeophagus.jpg,5-7,2-3,杂食,温和配对
五点铅笔,Dwarf Pencilfish,Nannostomus marginatus,鲤科/小型,热门小型,南美,medium,24,28,6,7,身体有黑斑，泳姿悬停。,除藻用，性格极温和。,适应性广泛，多生活在溪流或静水中。大都喜欢中性水质，适宜搭配沉木和水草。,活泼好动，游动速度快。抢食能力强，混养时需注意其他动作缓慢的鱼是否能吃到食物。,部分品种（如虎皮鱼）有'咬鳍'习性，不宜与长鳍鱼（如孔雀、神仙）混养。斑马鱼等极其耐寒，适合新手。,/Users/wanshuiwanqigaozhishang/Downloads/MINIAPP/images/fish_baidu_五点铅笔_nannostomus.jpg,3-4,3-5,杂食,群居温和
小丑罗汉,Clown Loach,Chromobotia macracanthus,鲤科/小型,热门小型,印尼,medium,24,30,6,7,三间鼠，底栖侧卧。,易得白点，会长得很大。,适应性广泛，多生活在溪流或静水中。大都喜欢中性水质，适宜搭配沉木和水草。,活泼好动，游动速度快。抢食能力强，混养时需注意其他动作缓慢的鱼是否能吃到食物。,部分品种（如虎皮鱼）有'咬鳍'习性，不宜与长鳍鱼（如孔雀、神仙）混养。斑马鱼等极其耐寒，适合新手。,/Users/wanshuiwanqigaozhishang/Downloads/MINIAPP/images/fish_final_小丑罗汉_chromobotia.jpg,20-30,15-20,杂食,群居
孔雀鱼,Guppy,Poecilia reticulata,孔雀/卵胎生,胎生鱼,南美,easy,18,28,7,8,公鱼华丽，繁殖快。,由于近亲繁殖，体质变差，需过水。,原产于中美洲及南美洲水系。喜好弱碱性硬水，在草缸或裸缸中均能生存。适宜种植莫斯等细叶水草供幼鱼躲避。,繁殖能力极强（月光鱼），卵胎生（直接生小鱼）。杂食性，喜食藻类和人工饲料。对盐度有一定耐受力。,市面上的孔雀鱼多为近亲繁殖，体质较弱，新鱼入缸需严格检疫。容易患针尾病和水霉病。建议公母隔离或控制密度以免爆缸。,/Users/wanshuiwanqigaozhishang/Downloads/MINIAPP/images/fish_044_poecilia.jpg,3-6,2-3,杂食,群居温和
安德拉斯,Endlers Livebearer,Poecilia wingei,孔雀/卵胎生,胎生鱼,委内瑞拉,easy,20,28,7,8,野生孔雀近亲，体型更小更野。,基因稳定，抗病力强。,原产于中美洲及南美洲水系。喜好弱碱性硬水，在草缸或裸缸中均能生存。适宜种植莫斯等细叶水草供幼鱼躲避。,繁殖能力极强（月光鱼），卵胎生（直接生小鱼）。杂食性，喜食藻类和人工饲料。对盐度有一定耐受力。,市面上的孔雀鱼多为近亲繁殖，体质较弱，新鱼入缸需严格检疫。容易患针尾病和水霉病。建议公母隔离或控制密度以免爆缸。,/Users/wanshuiwanqigaozhishang/Downloads/MINIAPP/images/fish_045_poecilia.jpg,2-3,2-3,杂食,群居温和
米奇鱼,Platy,Xiphophorus maculatus,孔雀/卵胎生,胎生鱼,中美,easy,20,26,7,8.2,尾部米老鼠斑。,吃藻，皮实。,原产于中美洲及南美洲水系。喜好弱碱性硬水，在草缸或裸缸中均能生存。适宜种植莫斯等细叶水草供幼鱼躲避。,繁殖能力极强（月光鱼），卵胎生（直接生小鱼）。杂食性，喜食藻类和人工饲料。对盐度有一定耐受力。,市面上的孔雀鱼多为近亲繁殖，体质较弱，新鱼入缸需严格检疫。容易患针尾病和水霉病。建议公母隔离或控制密度以免爆缸。,/Users/wanshuiwanqigaozhishang/Downloads/MINIAPP/images/fish_baidu_米奇鱼_xiphophorus.jpg,4-5,3-5,杂食,群居温和
红剑,Swordtail,Xiphophorus hellerii,孔雀/卵胎生,胎生鱼,中美,easy,20,26,7,8,公鱼剑尾。,跳缸高手，稍有攻击性。,原产于中美洲及南美洲水系。喜好弱碱性硬水，在草缸或裸缸中均能生存。适宜种植莫斯等细叶水草供幼鱼躲避。,繁殖能力极强（月光鱼），卵胎生（直接生小鱼）。杂食性，喜食藻类和人工饲料。对盐度有一定耐受力。,市面上的孔雀鱼多为近亲繁殖，体质较弱，新鱼入缸需严格检疫。容易患针尾病和水霉病。建议公母隔离或控制密度以免爆缸。,/Users/wanshuiwanqigaozhishang/Downloads/MINIAPP/images/fish_baidu_红剑_xiphophorus.jpg,10-12,3-5,杂食,有攻击性
黑玛丽,Black Molly,Poecilia sphenops,孔雀/卵胎生,胎生鱼,中美,easy,22,28,7.5,8.5,全黑，吃油膜。,喜硬水加盐。,原产于中美洲及南美洲水系。喜好弱碱性硬水，在草缸或裸缸中均能生存。适宜种植莫斯等细叶水草供幼鱼躲避。,繁殖能力极强（月光鱼），卵胎生（直接生小鱼）。杂食性，喜食藻类和人工饲料。对盐度有一定耐受力。,市面上的孔雀鱼多为近亲繁殖，体质较弱，新鱼入缸需严格检疫。容易患针尾病和水霉病。建议公母隔离或控制密度以免爆缸。,/Users/wanshuiwanqigaozhishang/Downloads/MINIAPP/images/fish_048_poecilia.jpg,6-10,3-5,杂食,群居温和
球玛丽,Balloon Molly,Poecilia sphenops var.,孔雀/卵胎生,胎生鱼,改良,medium,22,28,7.5,8.5,体型球状。,游姿笨拙，可爱。,原产于中美洲及南美洲水系。喜好弱碱性硬水，在草缸或裸缸中均能生存。适宜种植莫斯等细叶水草供幼鱼躲避。,繁殖能力极强（月光鱼），卵胎生（直接生小鱼）。杂食性，喜食藻类和人工饲料。对盐度有一定耐受力。,市面上的孔雀鱼多为近亲繁殖，体质较弱，新鱼入缸需严格检疫。容易患针尾病和水霉病。建议公母隔离或控制密度以免爆缸。,/Users/wanshuiwanqigaozhishang/Downloads/MINIAPP/images/fish_final_球玛丽_poecilia.jpg,5-8,3-5,杂食,群居温和
皮球银玛丽,Silver Molly,Poecilia sphenops var.,孔雀/卵胎生,胎生鱼,改良,medium,22,28,7.5,8.5,银白色球状。,易患肤霉病。,原产于中美洲及南美洲水系。喜好弱碱性硬水，在草缸或裸缸中均能生存。适宜种植莫斯等细叶水草供幼鱼躲避。,繁殖能力极强（月光鱼），卵胎生（直接生小鱼）。杂食性，喜食藻类和人工饲料。对盐度有一定耐受力。,市面上的孔雀鱼多为近亲繁殖，体质较弱，新鱼入缸需严格检疫。容易患针尾病和水霉病。建议公母隔离或控制密度以免爆缸。,/Users/wanshuiwanqigaozhishang/Downloads/MINIAPP/images/fish_final_皮球银玛丽_poecilia.jpg,5-8,3-5,杂食,群居温和
泰国斗鱼,Betta,Betta splendens,迷鳃/斗鱼,常见,泰国,easy,24,30,6,8,长鳍，单养。,懒人鱼，注意烧尾。,多生活在东南亚流速缓慢甚至静止的沼泽、稻田中。具有迷鳃器官，可直接呼吸空气，耐低氧。,雄性好斗，尤其是泰国斗鱼必须单养。喜好静水，水流不宜过大。适宜放置浮性水草构建泡巢。,切勿将两只雄性斗鱼放在同一容器中。避免水温过低（低于24℃易生病）。跳缸能力强，必须加盖。,/Users/wanshuiwanqigaozhishang/Downloads/MINIAPP/images/fish_baidu_泰国斗鱼_betta.jpg,5-7,2-4,杂食,雄性单养
半月斗鱼,Halfmoon Betta,Betta splendens var.,迷鳃/斗鱼,常见,改良,medium,24,30,6,8,尾展180度。,极易烧尾，水质要求高。,多生活在东南亚流速缓慢甚至静止的沼泽、稻田中。具有迷鳃器官，可直接呼吸空气，耐低氧。,雄性好斗，尤其是泰国斗鱼必须单养。喜好静水，水流不宜过大。适宜放置浮性水草构建泡巢。,切勿将两只雄性斗鱼放在同一容器中。避免水温过低（低于24℃易生病）。跳缸能力强，必须加盖。,/Users/wanshuiwanqigaozhishang/Downloads/MINIAPP/images/fish_baidu_半月斗鱼_betta.jpg,5-7,2-4,杂食,雄性单养
将军斗鱼,Plakat Betta,Betta splendens var.,迷鳃/斗鱼,常见,改良,easy,24,30,6,8,短鳍，类似原生。,抗病力强，活泼。,多生活在东南亚流速缓慢甚至静止的沼泽、稻田中。具有迷鳃器官，可直接呼吸空气，耐低氧。,雄性好斗，尤其是泰国斗鱼必须单养。喜好静水，水流不宜过大。适宜放置浮性水草构建泡巢。,切勿将两只雄性斗鱼放在同一容器中。避免水温过低（低于24℃易生病）。跳缸能力强，必须加盖。,/Users/wanshuiwanqigaozhishang/Downloads/MINIAPP/images/fish_baidu_将军斗鱼_betta.jpg,5-7,2-4,杂食,雄性单养
珍珠马甲,Pearl Gourami,Trichopodus leerii,迷鳃/斗鱼,常见,东南亚,easy,24,28,6,8,珍珠斑点，优雅。,温和的大型迷鳃鱼。,多生活在东南亚流速缓慢甚至静止的沼泽、稻田中。具有迷鳃器官，可直接呼吸空气，耐低氧。,雄性好斗，尤其是泰国斗鱼必须单养。喜好静水，水流不宜过大。适宜放置浮性水草构建泡巢。,切勿将两只雄性斗鱼放在同一容器中。避免水温过低（低于24℃易生病）。跳缸能力强，必须加盖。,/Users/wanshuiwanqigaozhishang/Downloads/MINIAPP/images/fish_baidu_珍珠马甲_trichopodus.jpg,10-12,4-6,杂食,温和
丽丽鱼,Dwarf Gourami,Trichogaster lalius,迷鳃/斗鱼,常见,南亚,medium,24,28,6,7.5,红蓝纹。,易携带病毒，需隔离。,多生活在东南亚流速缓慢甚至静止的沼泽、稻田中。具有迷鳃器官，可直接呼吸空气，耐低氧。,雄性好斗，尤其是泰国斗鱼必须单养。喜好静水，水流不宜过大。适宜放置浮性水草构建泡巢。,切勿将两只雄性斗鱼放在同一容器中。避免水温过低（低于24℃易生病）。跳缸能力强，必须加盖。,/Users/wanshuiwanqigaozhishang/Downloads/MINIAPP/images/fish_baidu_丽丽鱼_trichogaster.jpg,5-6,3-4,杂食,温和
蓝曼龙,Blue Gourami,Trichopodus trichopterus,迷鳃/斗鱼,常见,东南亚,easy,22,28,6,8,天蓝两点黑。,皮实，有时欺负小鱼。,多生活在东南亚流速缓慢甚至静止的沼泽、稻田中。具有迷鳃器官，可直接呼吸空气，耐低氧。,雄性好斗，尤其是泰国斗鱼必须单养。喜好静水，水流不宜过大。适宜放置浮性水草构建泡巢。,切勿将两只雄性斗鱼放在同一容器中。避免水温过低（低于24℃易生病）。跳缸能力强，必须加盖。,/Users/wanshuiwanqigaozhishang/Downloads/MINIAPP/images/fish_baidu_蓝曼龙_trichopodus.jpg,10-15,4-6,杂食,有攻击性
接吻鱼,Kissing Gourami,Helostoma temminckii,迷鳃/斗鱼,常见,东南亚,easy,22,28,6,8,两条鱼接吻是在打架。,长得很快，会啃蚀青苔。,多生活在东南亚流速缓慢甚至静止的沼泽、稻田中。具有迷鳃器官，可直接呼吸空气，耐低氧。,雄性好斗，尤其是泰国斗鱼必须单养。喜好静水，水流不宜过大。适宜放置浮性水草构建泡巢。,切勿将两只雄性斗鱼放在同一容器中。避免水温过低（低于24℃易生病）。跳缸能力强，必须加盖。,/Users/wanshuiwanqigaozhishang/Downloads/MINIAPP/images/fish_baidu_接吻鱼_helostoma.jpg,15-30,5-7,杂食,有攻击性
巧克力飞船,Chocolate Gourami,Sphaerichthys osphromenoides,迷鳃/斗鱼,常见,东南亚,hard,25,30,4,6,体色如巧克力。,极难养，需酸性软水黑水。,多生活在东南亚流速缓慢甚至静止的沼泽、稻田中。具有迷鳃器官，可直接呼吸空气，耐低氧。,雄性好斗，尤其是泰国斗鱼必须单养。喜好静水，水流不宜过大。适宜放置浮性水草构建泡巢。,切勿将两只雄性斗鱼放在同一容器中。避免水温过低（低于24℃易生病）。跳缸能力强，必须加盖。,/Users/wanshuiwanqigaozhishang/Downloads/MINIAPP/images/fish_baidu_巧克力飞船_sphaerichthys.jpg,5-6,3-5,杂食,温和
彩虹雷龙,Rainbow Snakehead,Channa bleheri,迷鳃/斗鱼,雷龙,印度,medium,15,25,6,7.5,小型，色彩艳丽。,封缸防跳。,原生于亚洲溪流或沼泽。喜好阴暗环境，需要复杂的沉木和石块造景提供躲避洞穴。底砂建议深色以利发色。,肉食性，捕食凶猛。互动性极强，像'水中的狗'。适应力强，部分品种耐寒。,跳缸冠军！鱼缸必须全封闭加盖，任何缝隙都可能导致越狱。领地意识极强，通常建议单养。,/Users/wanshuiwanqigaozhishang/Downloads/MINIAPP/images/fish_059_channa.jpg,10-15,8-10,肉食,单养
阿萨姆雷龙,Channa andrao,Channa andrao,迷鳃/斗鱼,雷龙,印度,medium,15,25,6,7.5,蓝色背鳍，小型。,互动性好，皮实。,原生于亚洲溪流或沼泽。喜好阴暗环境，需要复杂的沉木和石块造景提供躲避洞穴。底砂建议深色以利发色。,肉食性，捕食凶猛。互动性极强，像'水中的狗'。适应力强，部分品种耐寒。,跳缸冠军！鱼缸必须全封闭加盖，任何缝隙都可能导致越狱。领地意识极强，通常建议单养。,/Users/wanshuiwanqigaozhishang/Downloads/MINIAPP/images/fish_060_channa.jpg,12-15,8-10,肉食,单养
黄金眼镜蛇,Golden Cobra,Channa aurantimaculata,迷鳃/斗鱼,雷龙,印度,medium,15,26,6,7.5,大型，金黄纹路。,凶猛，单养。,原生于亚洲溪流或沼泽。喜好阴暗环境，需要复杂的沉木和石块造景提供躲避洞穴。底砂建议深色以利发色。,肉食性，捕食凶猛。互动性极强，像'水中的狗'。适应力强，部分品种耐寒。,跳缸冠军！鱼缸必须全封闭加盖，任何缝隙都可能导致越狱。领地意识极强，通常建议单养。,/Users/wanshuiwanqigaozhishang/Downloads/MINIAPP/images/fish_061_channa.jpg,40-60,10-15,肉食,单养
巴卡雷龙,Barca Snakehead,Channa barca,迷鳃/斗鱼,雷龙,印度,hard,18,25,6.5,7.5,雷龙之皇，价格极高。,体型大，色彩梦幻。,原生于亚洲溪流或沼泽。喜好阴暗环境，需要复杂的沉木和石块造景提供躲避洞穴。底砂建议深色以利发色。,肉食性，捕食凶猛。互动性极强，像'水中的狗'。适应力强，部分品种耐寒。,跳缸冠军！鱼缸必须全封闭加盖，任何缝隙都可能导致越狱。领地意识极强，通常建议单养。,/Users/wanshuiwanqigaozhishang/Downloads/MINIAPP/images/fish_062_channa.jpg,60-90,15-20,肉食,单养
神仙鱼,Angelfish,Pterophyllum scalare,南美慈鲷,神仙/七彩,亚马逊,medium,24,30,6,7.5,常见燕鱼。,吃红虫，长得快。,亚马逊河流域，高温（28℃+）、弱酸性软水。需要高且宽的鱼缸（神仙鱼上下鳍展大）。,对水质极其敏感（尤其是七彩）。食量小且慢，喜食红虫、丰年虾。七彩神仙被称为'药罐子'，饲养难度高。,需要极高频率的换水（部分玩家采用'每天换水'）。极易患肠炎和体内寄生虫，需定期检疫内寄。,/Users/wanshuiwanqigaozhishang/Downloads/MINIAPP/images/fish_baidu_神仙鱼_pterophyllum.jpg,12-15,10-12,杂食,温和
埃及神仙,Altum Angelfish,Pterophyllum altum,南美慈鲷,神仙/七彩,奥里诺科,hard,26,30,4.5,6,高耸霸气。,定水难，低PH。,亚马逊河流域，高温（28℃+）、弱酸性软水。需要高且宽的鱼缸（神仙鱼上下鳍展大）。,对水质极其敏感（尤其是七彩）。食量小且慢，喜食红虫、丰年虾。七彩神仙被称为'药罐子'，饲养难度高。,需要极高频率的换水（部分玩家采用'每天换水'）。极易患肠炎和体内寄生虫，需定期检疫内寄。,/Users/wanshuiwanqigaozhishang/Downloads/MINIAPP/images/fish_064_pterophyllum.jpg,15-20,10-15,杂食,温和
七彩神仙,Discus,Symphysodon,南美慈鲷,神仙/七彩,亚马逊,hard,28,32,5,6.8,圆盘状，艳丽。,高温，高频换水。,亚马逊河流域，高温（28℃+）、弱酸性软水。需要高且宽的鱼缸（神仙鱼上下鳍展大）。,对水质极其敏感（尤其是七彩）。食量小且慢，喜食红虫、丰年虾。七彩神仙被称为'药罐子'，饲养难度高。,需要极高频率的换水（部分玩家采用'每天换水'）。极易患肠炎和体内寄生虫，需定期检疫内寄。,/Users/wanshuiwanqigaozhishang/Downloads/MINIAPP/images/fish_baidu_七彩神仙_symphysodon.jpg,15-20,10-15,杂食,同类
荷兰凤凰,Ram Cichlid,Mikrogeophagus ramirezi,南美慈鲷,短鲷,哥伦比亚,medium,26,30,5.5,7,宝蓝色闪光。,敏感短命。,生活在充满落叶的黑水溪流中。需要布置沉木、鲷罐或椰壳作为产房。喜酸性软水。,富有家庭观念，亲鱼会带小鱼。领地意识强，但体型小，适合小缸精致饲养。,对化学制剂敏感。发色与环境密切相关，建议深色底砂和幽暗灯光。,/Users/wanshuiwanqigaozhishang/Downloads/MINIAPP/images/fish_066_mikrogeophagus.jpg,5-7,2-3,杂食,配对
波利维亚凤凰,Bolivian Ram,Mikrogeophagus altispinosus,南美慈鲷,短鲷,玻利维亚,easy,22,26,6.5,7.5,比荷凤朴素但皮实。,适合新手尝试短鲷。,生活在充满落叶的黑水溪流中。需要布置沉木、鲷罐或椰壳作为产房。喜酸性软水。,富有家庭观念，亲鱼会带小鱼。领地意识强，但体型小，适合小缸精致饲养。,对化学制剂敏感。发色与环境密切相关，建议深色底砂和幽暗灯光。,/Users/wanshuiwanqigaozhishang/Downloads/MINIAPP/images/fish_final_波利维亚凤凰_mikrogeophagus.jpg,7-8,4-6,杂食,配对
阿凡达短鲷,Cockatoo Dwarf Cichlid,Apistogramma cacatuoides,南美慈鲷,短鲷,亚马逊,medium,24,28,6,7,背鳍如羽毛。,改良黑色型叫阿凡达。,生活在充满落叶的黑水溪流中。需要布置沉木、鲷罐或椰壳作为产房。喜酸性软水。,富有家庭观念，亲鱼会带小鱼。领地意识强，但体型小，适合小缸精致饲养。,对化学制剂敏感。发色与环境密切相关，建议深色底砂和幽暗灯光。,/Users/wanshuiwanqigaozhishang/Downloads/MINIAPP/images/fish_final_阿凡达短鲷_apistogramma.jpg,6-8,3-5,杂食,配对
金宝短鲷,Agassiz's Dwarf Cichlid,Apistogramma agassizii,南美慈鲷,短鲷,亚马逊,medium,24,28,5.5,7,尾鳍矛状。,色彩多变。,生活在充满落叶的黑水溪流中。需要布置沉木、鲷罐或椰壳作为产房。喜酸性软水。,富有家庭观念，亲鱼会带小鱼。领地意识强，但体型小，适合小缸精致饲养。,对化学制剂敏感。发色与环境密切相关，建议深色底砂和幽暗灯光。,/Users/wanshuiwanqigaozhishang/Downloads/MINIAPP/images/fish_final_金宝短鲷_apistogramma.jpg,6-8,3-5,杂食,配对
地图鱼,Oscar,Astronotus ocellatus,南美慈鲷,大型,南美,medium,22,28,6.5,7.5,认人，吃得多。,水质破坏者。,南美开阔水域。需要巨大的水体空间。布景需简单稳固，因为它们力气大，会'装修'鱼缸。,生长迅速，肉食或杂食。代谢量大，水质污染快，需要顶级过滤系统。智商高，有互动性（如地图鱼、罗汉）。,绝对的'缸霸'，混养需谨慎匹配体型和性格。罗汉鱼起头需要特定饲料和环境刺激。,/Users/wanshuiwanqigaozhishang/Downloads/MINIAPP/images/fish_070_astronotus.jpg,25-35,10-15,杂食,大型混养
罗汉鱼,Flowerhorn,Hybrid Cichlid,南美慈鲷,大型,人工,medium,26,30,7,8,起头，互动。,单养，硬水。,南美开阔水域。需要巨大的水体空间。布景需简单稳固，因为它们力气大，会'装修'鱼缸。,生长迅速，肉食或杂食。代谢量大，水质污染快，需要顶级过滤系统。智商高，有互动性（如地图鱼、罗汉）。,绝对的'缸霸'，混养需谨慎匹配体型和性格。罗汉鱼起头需要特定饲料和环境刺激。,/Users/wanshuiwanqigaozhishang/Downloads/MINIAPP/images/fish_071_hybrid.jpg,25-30,8-12,杂食,单养
鹦鹉鱼,Blood Parrot,Hybrid Cichlid,南美慈鲷,大型,人工,easy,24,29,6.5,7.5,红庆，嘴合不拢。,混养，打架。,南美开阔水域。需要巨大的水体空间。布景需简单稳固，因为它们力气大，会'装修'鱼缸。,生长迅速，肉食或杂食。代谢量大，水质污染快，需要顶级过滤系统。智商高，有互动性（如地图鱼、罗汉）。,绝对的'缸霸'，混养需谨慎匹配体型和性格。罗汉鱼起头需要特定饲料和环境刺激。,/Users/wanshuiwanqigaozhishang/Downloads/MINIAPP/images/fish_072_hybrid.jpg,20-25,10-15,杂食,同类
火口鱼,Firemouth Cichlid,Thorichthys meeki,南美慈鲷,大型,中美,medium,22,28,6.5,8,腮盖翻开鲜红。,领地意识强。,南美开阔水域。需要巨大的水体空间。布景需简单稳固，因为它们力气大，会'装修'鱼缸。,生长迅速，肉食或杂食。代谢量大，水质污染快，需要顶级过滤系统。智商高，有互动性（如地图鱼、罗汉）。,绝对的'缸霸'，混养需谨慎匹配体型和性格。罗汉鱼起头需要特定饲料和环境刺激。,/Users/wanshuiwanqigaozhishang/Downloads/MINIAPP/images/fish_073_thorichthys.jpg,12-15,10-12,杂食,有攻击性
绿恐怖,Green Terror,Andinoacara rivulatus,南美慈鲷,大型,南美,medium,20,24,6.5,8,金属绿光泽，红边尾。,非常凶猛。,南美开阔水域。需要巨大的水体空间。布景需简单稳固，因为它们力气大，会'装修'鱼缸。,生长迅速，肉食或杂食。代谢量大，水质污染快，需要顶级过滤系统。智商高，有互动性（如地图鱼、罗汉）。,绝对的'缸霸'，混养需谨慎匹配体型和性格。罗汉鱼起头需要特定饲料和环境刺激。,/Users/wanshuiwanqigaozhishang/Downloads/MINIAPP/images/fish_074_andinoacara.jpg,20-30,10-12,杂食,有攻击性
特蓝斑马,Cobalt Blue Zebra,Maylandia callainos,三湖慈鲷,马鲷,马拉维湖,medium,24,28,7.5,8.5,天蓝。,暴力岩栖类。,东非马拉维湖，高硬度、高pH（7.5-8.5）的碱性水。岩栖类需要大量岩石堆叠出的洞穴；孔雀类喜好沙石交界。,建议高密度饲养（Overstocking）以分散个体间的攻击力。食性多为刮食藻类（杂食），肠道长，忌喂红虫等易消化不良的食物。,打斗是家常便饭。雌雄二态明显，未发色幼鱼难以分辨。换水可直接用自来水（若当地水质硬度够）。,/Users/wanshuiwanqigaozhishang/Downloads/MINIAPP/images/fish_baidu_特蓝斑马_maylandia.jpg,10-12,8-10,杂食,高密度
雪鲷,Snow White Socolofi,Pseudotropheus socolofi,三湖慈鲷,马鲷,马拉维湖,medium,24,28,7.5,8.5,通体雪白。,相对温和的岩栖。,东非马拉维湖，高硬度、高pH（7.5-8.5）的碱性水。岩栖类需要大量岩石堆叠出的洞穴；孔雀类喜好沙石交界。,建议高密度饲养（Overstocking）以分散个体间的攻击力。食性多为刮食藻类（杂食），肠道长，忌喂红虫等易消化不良的食物。,打斗是家常便饭。雌雄二态明显，未发色幼鱼难以分辨。换水可直接用自来水（若当地水质硬度够）。,/Users/wanshuiwanqigaozhishang/Downloads/MINIAPP/images/fish_baidu_雪鲷_pseudotropheus.jpg,10-12,8-10,杂食,高密度
黄统领,Yellow Lab,Labidochromis caeruleus,三湖慈鲷,马鲷,马拉维湖,easy,24,28,7.5,8.5,明黄，黑背鳍。,三湖入门首选。,东非马拉维湖，高硬度、高pH（7.5-8.5）的碱性水。岩栖类需要大量岩石堆叠出的洞穴；孔雀类喜好沙石交界。,建议高密度饲养（Overstocking）以分散个体间的攻击力。食性多为刮食藻类（杂食），肠道长，忌喂红虫等易消化不良的食物。,打斗是家常便饭。雌雄二态明显，未发色幼鱼难以分辨。换水可直接用自来水（若当地水质硬度够）。,/Users/wanshuiwanqigaozhishang/Downloads/MINIAPP/images/fish_final_黄统领_labidochromis.jpg,8-10,8-10,杂食,高密度
阿里,Electric Blue Hap,Sciaenochromis fryeri,三湖慈鲷,马鲷,马拉维湖,medium,24,28,7.5,8.5,金属电光蓝。,食鱼性，游速快。,东非马拉维湖，高硬度、高pH（7.5-8.5）的碱性水。岩栖类需要大量岩石堆叠出的洞穴；孔雀类喜好沙石交界。,建议高密度饲养（Overstocking）以分散个体间的攻击力。食性多为刮食藻类（杂食），肠道长，忌喂红虫等易消化不良的食物。,打斗是家常便饭。雌雄二态明显，未发色幼鱼难以分辨。换水可直接用自来水（若当地水质硬度够）。,/Users/wanshuiwanqigaozhishang/Downloads/MINIAPP/images/fish_baidu_阿里_sciaenochromis.jpg,15-18,8-10,肉食,高密度
萨伊蓝六间,Frontosa,Cyphotilapia frontosa,三湖慈鲷,坦鲷,坦湖,medium,23,26,8,9,深蓝栋线，王者。,深水，慢养。,东非坦噶尼喀湖，比马湖更高pH（8.0-9.0）和硬度。特有品种如'卷贝'生活在贝壳里，'六间'生活在深水岩石区。,行为模式极其丰富独特。萨伊蓝等品种生长缓慢，寿命长。多为肉食性或杂食性。,对水质波动极其敏感，状态差时体色会发黑（如六间）。卷贝鱼不能铺太厚的底砂，以免掩埋贝壳。,/Users/wanshuiwanqigaozhishang/Downloads/MINIAPP/images/fish_baidu_萨伊蓝六间_cyphotilapia.jpg,30-35,15-25,肉食,同类
卷贝鱼,Shell Dwellers,Neolamprologus multifasciatus,三湖慈鲷,坦鲷,坦湖,medium,24,27,8,9,住贝壳。,有趣行为。,东非坦噶尼喀湖，比马湖更高pH（8.0-9.0）和硬度。特有品种如'卷贝'生活在贝壳里，'六间'生活在深水岩石区。,行为模式极其丰富独特。萨伊蓝等品种生长缓慢，寿命长。多为肉食性或杂食性。,对水质波动极其敏感，状态差时体色会发黑（如六间）。卷贝鱼不能铺太厚的底砂，以免掩埋贝壳。,/Users/wanshuiwanqigaozhishang/Downloads/MINIAPP/images/fish_baidu_卷贝鱼_neolamprologus.jpg,3-5,5-8,杂食,群居
熊猫鼠,Panda Cory,Corydoras panda,鼠鱼/异型,鼠鱼,秘鲁,medium,20,25,6,7,黑眼圈。,娇气，群养。,南美底层水域。必须使用极细的底沙（如细河沙、鼠沙），以免磨损其触须。喜好弱酸性水。,群居，性格极度温和，底栖清理残饵。通过肠道呼吸空气，会突然冲上水面换气。,绝对不能用有棱角的底砂。忌下盐和由于无鳞片对许多药物敏感（如孔雀石绿）。,/Users/wanshuiwanqigaozhishang/Downloads/MINIAPP/images/fish_baidu_熊猫鼠_corydoras.jpg,4-5,8-10,杂食,群居温和
咖啡鼠,Bronze Cory,Corydoras aeneus,鼠鱼/异型,鼠鱼,南美,easy,20,26,6,7.5,皮实工具鱼。,吃残渣。,南美底层水域。必须使用极细的底沙（如细河沙、鼠沙），以免磨损其触须。喜好弱酸性水。,群居，性格极度温和，底栖清理残饵。通过肠道呼吸空气，会突然冲上水面换气。,绝对不能用有棱角的底砂。忌下盐和由于无鳞片对许多药物敏感（如孔雀石绿）。,/Users/wanshuiwanqigaozhishang/Downloads/MINIAPP/images/fish_baidu_咖啡鼠_corydoras.jpg,5-7,10-15,杂食,群居温和
珍珠鼠,Sterba's Cory,Corydoras sterbai,鼠鱼/异型,鼠鱼,巴西,medium,24,28,6,7.5,满身斑点，橘色胸鳍。,耐高温，可配七彩。,南美底层水域。必须使用极细的底沙（如细河沙、鼠沙），以免磨损其触须。喜好弱酸性水。,群居，性格极度温和，底栖清理残饵。通过肠道呼吸空气，会突然冲上水面换气。,绝对不能用有棱角的底砂。忌下盐和由于无鳞片对许多药物敏感（如孔雀石绿）。,/Users/wanshuiwanqigaozhishang/Downloads/MINIAPP/images/fish_final_珍珠鼠_corydoras.jpg,5-6,10-15,杂食,群居温和
白鼠,Albino Cory,Corydoras aeneus var.,鼠鱼/异型,鼠鱼,改良,easy,20,26,6,7.5,白化咖啡鼠。,红眼，视力差。,南美底层水域。必须使用极细的底沙（如细河沙、鼠沙），以免磨损其触须。喜好弱酸性水。,群居，性格极度温和，底栖清理残饵。通过肠道呼吸空气，会突然冲上水面换气。,绝对不能用有棱角的底砂。忌下盐和由于无鳞片对许多药物敏感（如孔雀石绿）。,/Users/wanshuiwanqigaozhishang/Downloads/MINIAPP/images/fish_baidu_白鼠_corydoras.jpg,5-7,10-15,杂食,群居温和
金线绿鼠,Green Laser Cory,Corydoras sp.,鼠鱼/异型,鼠鱼,秘鲁,medium,22,26,6,7.5,金属绿线条。,价格较高。,南美底层水域。必须使用极细的底沙（如细河沙、鼠沙），以免磨损其触须。喜好弱酸性水。,群居，性格极度温和，底栖清理残饵。通过肠道呼吸空气，会突然冲上水面换气。,绝对不能用有棱角的底砂。忌下盐和由于无鳞片对许多药物敏感（如孔雀石绿）。,/Users/wanshuiwanqigaozhishang/Downloads/MINIAPP/images/fish_baidu_金线绿鼠_corydoras.jpg,5-6,8-10,杂食,群居温和
胡子,Bristlenose Pleco,Ancistrus,鼠鱼/异型,异型,南美,easy,22,27,6,7.5,嘴有胡须，体型小。,除藻好手。,流速极快的溪流底层。需要大量沉木供其啃食（补充纤维素）和躲避。高氧环境是必须的。,夜行性为主。主要以藻类、沉木和专用异型饲料为食。清理缸壁好手（胡子类）。,排泄量惊人，被称为'造粪机器'。部分品种（如皇冠豹）能把沉木啃成渣，堵塞过滤。,/Users/wanshuiwanqigaozhishang/Downloads/MINIAPP/images/fish_088_ancistrus.jpg,10-15,10-15,素食,温和
直升机,Twig Catfish,Farlowella acus,鼠鱼/异型,异型,南美,medium,22,26,6,7,拟态树枝。,吃褐藻，极温和。,流速极快的溪流底层。需要大量沉木供其啃食（补充纤维素）和躲避。高氧环境是必须的。,夜行性为主。主要以藻类、沉木和专用异型饲料为食。清理缸壁好手（胡子类）。,排泄量惊人，被称为'造粪机器'。部分品种（如皇冠豹）能把沉木啃成渣，堵塞过滤。,/Users/wanshuiwanqigaozhishang/Downloads/MINIAPP/images/fish_baidu_直升机_farlowella.jpg,15-20,8-12,素食,温和
皇冠豹,Royal Pleco,Panaque nigrolineatus,鼠鱼/异型,异型,南美,medium,24,29,6,7.5,食木鱼。,排泄多。,流速极快的溪流底层。需要大量沉木供其啃食（补充纤维素）和躲避。高氧环境是必须的。,夜行性为主。主要以藻类、沉木和专用异型饲料为食。清理缸壁好手（胡子类）。,排泄量惊人，被称为'造粪机器'。部分品种（如皇冠豹）能把沉木啃成渣，堵塞过滤。,/Users/wanshuiwanqigaozhishang/Downloads/MINIAPP/images/fish_baidu_皇冠豹_panaque.jpg,30-40,15-20,素食,温和
熊猫异型,Zebra Pleco,Hypancistrus zebra,鼠鱼/异型,异型,巴西,hard,28,31,6,7,L46，黑白条纹。,贵，肉食。,流速极快的溪流底层。需要大量沉木供其啃食（补充纤维素）和躲避。高氧环境是必须的。,夜行性为主。主要以藻类、沉木和专用异型饲料为食。清理缸壁好手（胡子类）。,排泄量惊人，被称为'造粪机器'。部分品种（如皇冠豹）能把沉木啃成渣，堵塞过滤。,/Users/wanshuiwanqigaozhishang/Downloads/MINIAPP/images/fish_091_hypancistrus.jpg,8-10,10-15,杂食,温和
金达尼,Golden Nugget Pleco,Baryancistrus xanthellus,鼠鱼/异型,异型,巴西,medium,25,30,6,7,L018，黑底黄点。,对水质敏感。,流速极快的溪流底层。需要大量沉木供其啃食（补充纤维素）和躲避。高氧环境是必须的。,夜行性为主。主要以藻类、沉木和专用异型饲料为食。清理缸壁好手（胡子类）。,排泄量惊人，被称为'造粪机器'。部分品种（如皇冠豹）能把沉木啃成渣，堵塞过滤。,/Users/wanshuiwanqigaozhishang/Downloads/MINIAPP/images/fish_092_baryancistrus.jpg,20-25,10-15,杂食,有领地
蓝眼大胡子,Blue Eyed Lemon Pleco,Ancistrus sp.,鼠鱼/异型,异型,改良,easy,22,27,6,7.5,通体黄，蓝眼。,颜值高的工具鱼。,流速极快的溪流底层。需要大量沉木供其啃食（补充纤维素）和躲避。高氧环境是必须的。,夜行性为主。主要以藻类、沉木和专用异型饲料为食。清理缸壁好手（胡子类）。,排泄量惊人，被称为'造粪机器'。部分品种（如皇冠豹）能把沉木啃成渣，堵塞过滤。,/Users/wanshuiwanqigaozhishang/Downloads/MINIAPP/images/fish_093_ancistrus.jpg,10-12,10-15,素食,温和
银龙,Silver Arowana,Osteoglossum bicirrhosum,大型/古代,霸主,亚马逊,medium,25,30,6,7,银色长带。,掉眼，跳缸。,上层水域。龙鱼需要加盖的宽大鱼缸，水面需平稳。,肉食性，喜食昆虫、小鱼。视力极佳，会对缸外的人产生反应。,掉眼（眼睛下垂）是常见问题，需注意灯光位置和避免沉底喂食。跳缸风险极高。,/Users/wanshuiwanqigaozhishang/Downloads/MINIAPP/images/fish_094_osteoglossum.jpg,60-100,15-20,肉食,大型混养
金龙,Asian Arowana,Scleropages formosus,大型/古代,霸主,东南亚,hard,26,30,6.5,7.5,金色鳞片。,暴躁。,上层水域。龙鱼需要加盖的宽大鱼缸，水面需平稳。,肉食性，喜食昆虫、小鱼。视力极佳，会对缸外的人产生反应。,掉眼（眼睛下垂）是常见问题，需注意灯光位置和避免沉底喂食。跳缸风险极高。,/Users/wanshuiwanqigaozhishang/Downloads/MINIAPP/images/fish_baidu_金龙_scleropages.jpg,60-90,15-20,肉食,大型混养
红龙,Super Red Arowana,Scleropages formosus,大型/古代,霸主,印尼,hard,26,30,6,7,血红鳞片。,顶级鱼。,上层水域。龙鱼需要加盖的宽大鱼缸，水面需平稳。,肉食性，喜食昆虫、小鱼。视力极佳，会对缸外的人产生反应。,掉眼（眼睛下垂）是常见问题，需注意灯光位置和避免沉底喂食。跳缸风险极高。,/Users/wanshuiwanqigaozhishang/Downloads/MINIAPP/images/fish_baidu_红龙_scleropages.jpg,60-90,15-20,肉食,大型混养
海象,Arapaima,Arapaima gigas,大型/古代,霸主,亚马逊,hard,24,30,6,7.5,巨骨舌鱼。,水族馆级，甚至可达2米。,上层水域。龙鱼需要加盖的宽大鱼缸，水面需平稳。,肉食性，喜食昆虫、小鱼。视力极佳，会对缸外的人产生反应。,掉眼（眼睛下垂）是常见问题，需注意灯光位置和避免沉底喂食。跳缸风险极高。,/Users/wanshuiwanqigaozhishang/Downloads/MINIAPP/images/fish_097_arapaima.jpg,150-200,15-20,肉食,单养
招财鱼,Giant Gourami,Osphronemus goramy,大型/古代,霸主,东南亚,easy,22,30,6.5,8,战船，通体白。,杂食，互动好。,上层水域。龙鱼需要加盖的宽大鱼缸，水面需平稳。,肉食性，喜食昆虫、小鱼。视力极佳，会对缸外的人产生反应。,掉眼（眼睛下垂）是常见问题，需注意灯光位置和避免沉底喂食。跳缸风险极高。,/Users/wanshuiwanqigaozhishang/Downloads/MINIAPP/images/fish_098_osphronemus.jpg,40-70,15-20,杂食,大型混养
黑白魟,Black Diamond Stingray,Potamotrygon leopoldi,大型/古代,怪兽,巴西,hard,26,30,6.5,7.5,黑盘白点。,尾毒，大底盘。,底层或中下层。底栖类（如魟鱼）需要大面积的底部空间和细软底沙。,食量巨大，生长迅速。多为掠食性，一口吞下任何能吞下的鱼。,魟鱼尾刺有剧毒，维护时务必小心。对水质（特别是氨氮和亚硝酸盐）耐受度极低。,/Users/wanshuiwanqigaozhishang/Downloads/MINIAPP/images/fish_099_potamotrygon.jpg,40-60,15-25,肉食,单养
虎鱼,Datnoid,Datnioides,大型/古代,怪兽,东南亚,medium,24,28,6.5,7.5,黄黑粗纹。,捕食猛，状态看发色。,底层或中下层。底栖类（如魟鱼）需要大面积的底部空间和细软底沙。,食量巨大，生长迅速。多为掠食性，一口吞下任何能吞下的鱼。,魟鱼尾刺有剧毒，维护时务必小心。对水质（特别是氨氮和亚硝酸盐）耐受度极低。,/Users/wanshuiwanqigaozhishang/Downloads/MINIAPP/images/fish_100_datnioides.jpg,30-45,10-15,肉食,大型混养
恐龙鱼,Senegal Bichir,Polypterus senegalus,大型/古代,怪兽,非洲,easy,24,28,6.5,7.5,活化石。,皮实。,底层或中下层。底栖类（如魟鱼）需要大面积的底部空间和细软底沙。,食量巨大，生长迅速。多为掠食性，一口吞下任何能吞下的鱼。,魟鱼尾刺有剧毒，维护时务必小心。对水质（特别是氨氮和亚硝酸盐）耐受度极低。,/Users/wanshuiwanqigaozhishang/Downloads/MINIAPP/images/fish_101_polypterus.jpg,25-40,15-20,肉食,大型混养
鳄雀鳝,Alligator Gar,Atractosteus spatula,大型/古代,怪兽,北美,medium,20,28,6.5,8,危险外来种。,禁止放生。,底层或中下层。底栖类（如魟鱼）需要大面积的底部空间和细软底沙。,食量巨大，生长迅速。多为掠食性，一口吞下任何能吞下的鱼。,魟鱼尾刺有剧毒，维护时务必小心。对水质（特别是氨氮和亚硝酸盐）耐受度极低。,/Users/wanshuiwanqigaozhishang/Downloads/MINIAPP/images/fish_102_atractosteus.jpg,100-200,25-50,肉食,单养
肺鱼,Lungfish,Protopterus,大型/古代,怪兽,非洲,easy,24,30,6.5,8,可用肺呼吸。,长相呆萌，咬合力大。,底层或中下层。底栖类（如魟鱼）需要大面积的底部空间和细软底沙。,食量巨大，生长迅速。多为掠食性，一口吞下任何能吞下的鱼。,魟鱼尾刺有剧毒，维护时务必小心。对水质（特别是氨氮和亚硝酸盐）耐受度极低。,/Users/wanshuiwanqigaozhishang/Downloads/MINIAPP/images/fish_103_protopterus.jpg,60-100,20-25,肉食,单养
电鳗,Electric Eel,Electrophorus electricus,大型/古代,怪兽,南美,hard,24,28,6,7,能放电。,极度危险，不仅是鱼。,底层或中下层。底栖类（如魟鱼）需要大面积的底部空间和细软底沙。,食量巨大，生长迅速。多为掠食性，一口吞下任何能吞下的鱼。,魟鱼尾刺有剧毒，维护时务必小心。对水质（特别是氨氮和亚硝酸盐）耐受度极低。,/Users/wanshuiwanqigaozhishang/Downloads/MINIAPP/images/fish_104_electrophorus.jpg,150-250,15-22,肉食,单养
公子小丑,Ocellaris Clownfish,Amphiprion ocellaris,海水,常见,太平洋,easy,24,27,8,8.4,尼莫。,好养。,珊瑚礁海域。必须使用人工海盐调制海水，比重1.020-1.025。由于大多为珊瑚礁鱼类，活石造景是必须的。,色彩极度艳丽。部分品种（如小丑鱼）与海葵共生。大多具有领地意识。,"海水缸建立氮循环（爆藻）周期长。对水质参数（KH, pH, NO3）要求远高于淡水鱼。必须配备蛋白质分离器（蛋分）。",/Users/wanshuiwanqigaozhishang/Downloads/MINIAPP/images/fish_baidu_公子小丑_amphiprion.jpg,8-11,6-10,杂食,配对
黑小丑,Black Ocellaris,Amphiprion ocellaris var.,海水,常见,改良,easy,24,27,8,8.4,黑色型。,酷。,珊瑚礁海域。必须使用人工海盐调制海水，比重1.020-1.025。由于大多为珊瑚礁鱼类，活石造景是必须的。,色彩极度艳丽。部分品种（如小丑鱼）与海葵共生。大多具有领地意识。,"海水缸建立氮循环（爆藻）周期长。对水质参数（KH, pH, NO3）要求远高于淡水鱼。必须配备蛋白质分离器（蛋分）。",/Users/wanshuiwanqigaozhishang/Downloads/MINIAPP/images/fish_106_amphiprion.jpg,8-11,6-10,杂食,配对
透红小丑,Maroon Clownfish,Premnas biaculeatus,海水,常见,印太,medium,24,27,8,8.4,深红棘刺。,凶。,珊瑚礁海域。必须使用人工海盐调制海水，比重1.020-1.025。由于大多为珊瑚礁鱼类，活石造景是必须的。,色彩极度艳丽。部分品种（如小丑鱼）与海葵共生。大多具有领地意识。,"海水缸建立氮循环（爆藻）周期长。对水质参数（KH, pH, NO3）要求远高于淡水鱼。必须配备蛋白质分离器（蛋分）。",/Users/wanshuiwanqigaozhishang/Downloads/MINIAPP/images/fish_baidu_透红小丑_premnas.jpg,15-17,6-10,杂食,配对
蓝魔,Blue Damselfish,Chrysiptera cyanea,海水,常见,印太,easy,24,28,8,8.4,电光蓝。,凶，闯缸。,珊瑚礁海域。必须使用人工海盐调制海水，比重1.020-1.025。由于大多为珊瑚礁鱼类，活石造景是必须的。,色彩极度艳丽。部分品种（如小丑鱼）与海葵共生。大多具有领地意识。,"海水缸建立氮循环（爆藻）周期长。对水质参数（KH, pH, NO3）要求远高于淡水鱼。必须配备蛋白质分离器（蛋分）。",/Users/wanshuiwanqigaozhishang/Downloads/MINIAPP/images/fish_108_chrysiptera.jpg,6-8,5-8,杂食,有攻击性
三点白,Domino Damselfish,Dascyllus trimaculatus,海水,常见,印太,easy,24,28,8,8.4,黑身三白点。,也是凶猛雀鲷。,珊瑚礁海域。必须使用人工海盐调制海水，比重1.020-1.025。由于大多为珊瑚礁鱼类，活石造景是必须的。,色彩极度艳丽。部分品种（如小丑鱼）与海葵共生。大多具有领地意识。,"海水缸建立氮循环（爆藻）周期长。对水质参数（KH, pH, NO3）要求远高于淡水鱼。必须配备蛋白质分离器（蛋分）。",/Users/wanshuiwanqigaozhishang/Downloads/MINIAPP/images/fish_109_dascyllus.jpg,10-14,5-8,杂食,有攻击性
雷达,Firefish Goby,Nemateleotris magnifica,海水,常见,印太,medium,24,27,8,8.4,白红渐变，天线。,跳缸王。,珊瑚礁海域。必须使用人工海盐调制海水，比重1.020-1.025。由于大多为珊瑚礁鱼类，活石造景是必须的。,色彩极度艳丽。部分品种（如小丑鱼）与海葵共生。大多具有领地意识。,"海水缸建立氮循环（爆藻）周期长。对水质参数（KH, pH, NO3）要求远高于淡水鱼。必须配备蛋白质分离器（蛋分）。",/Users/wanshuiwanqigaozhishang/Downloads/MINIAPP/images/fish_baidu_雷达_nemateleotris.jpg,7-9,3-5,肉食,温和
医生虾,Cleaner Shrimp,Lysmata amboinensis,海水,常见,印太,easy,24,27,8,8.4,红白条纹虾。,清理寄生虫。,珊瑚礁海域。必须使用人工海盐调制海水，比重1.020-1.025。由于大多为珊瑚礁鱼类，活石造景是必须的。,色彩极度艳丽。部分品种（如小丑鱼）与海葵共生。大多具有领地意识。,"海水缸建立氮循环（爆藻）周期长。对水质参数（KH, pH, NO3）要求远高于淡水鱼。必须配备蛋白质分离器（蛋分）。",/Users/wanshuiwanqigaozhishang/Downloads/MINIAPP/images/fish_final_医生虾_lysmata.jpg,5-6,3-5,杂食,温和
蓝吊,Blue Tang,Paracanthurus hepatus,海水,神仙/倒吊,印太,medium,24,27,8,8.4,多莉。,易白点。,开阔的珊瑚礁水域。需要较大的游泳空间和强劲的水流。,倒吊类多以藻类为食，是珊瑚缸的清洁工。神仙类可能啄食软体珊瑚。,倒吊类（如粉蓝、蓝吊）极易感染海水白点病（所谓的'白点王'），检疫是必须流程。,/Users/wanshuiwanqigaozhishang/Downloads/MINIAPP/images/fish_112_paracanthurus.jpg,20-30,8-12,素食,有攻击性
黄金吊,Yellow Tang,Zebrasoma flavescens,海水,神仙/倒吊,夏威夷,medium,24,27,8,8.4,亮黄。,除藻。,开阔的珊瑚礁水域。需要较大的游泳空间和强劲的水流。,倒吊类多以藻类为食，是珊瑚缸的清洁工。神仙类可能啄食软体珊瑚。,倒吊类（如粉蓝、蓝吊）极易感染海水白点病（所谓的'白点王'），检疫是必须流程。,/Users/wanshuiwanqigaozhishang/Downloads/MINIAPP/images/fish_baidu_黄金吊_zebrasoma.jpg,15-20,10-15,素食,有攻击性
粉蓝吊,Powder Blue Tang,Acanthurus leucosternon,海水,神仙/倒吊,印度洋,hard,24,27,8,8.4,粉蓝配色。,白点王，难养。,开阔的珊瑚礁水域。需要较大的游泳空间和强劲的水流。,倒吊类多以藻类为食，是珊瑚缸的清洁工。神仙类可能啄食软体珊瑚。,倒吊类（如粉蓝、蓝吊）极易感染海水白点病（所谓的'白点王'），检疫是必须流程。,/Users/wanshuiwanqigaozhishang/Downloads/MINIAPP/images/fish_final_粉蓝吊_acanthurus.jpg,20-25,8-12,素食,有攻击性
火焰仙,Flame Angelfish,Centropyge loricula,海水,神仙/倒吊,太平洋,hard,24,27,8,8.4,红底黑纹。,啄珊瑚。,开阔的珊瑚礁水域。需要较大的游泳空间和强劲的水流。,倒吊类多以藻类为食，是珊瑚缸的清洁工。神仙类可能啄食软体珊瑚。,倒吊类（如粉蓝、蓝吊）极易感染海水白点病（所谓的'白点王'），检疫是必须流程。,/Users/wanshuiwanqigaozhishang/Downloads/MINIAPP/images/fish_baidu_火焰仙_centropyge.jpg,10-15,5-7,杂食,有攻击性
马鞍神仙,Majestic Angelfish,Pomacanthus navarchus,海水,神仙/倒吊,印太,hard,24,27,8,8.4,蓝黄配色。,大型神仙。,开阔的珊瑚礁水域。需要较大的游泳空间和强劲的水流。,倒吊类多以藻类为食，是珊瑚缸的清洁工。神仙类可能啄食软体珊瑚。,倒吊类（如粉蓝、蓝吊）极易感染海水白点病（所谓的'白点王'），检疫是必须流程。,/Users/wanshuiwanqigaozhishang/Downloads/MINIAPP/images/fish_baidu_马鞍神仙_pomacanthus.jpg,25-30,10-15,杂食,单养
狮子鱼,Lionfish,Pterois volitans,海水,神仙/倒吊,印太,medium,24,27,8,8.4,鳍有毒刺。,肉食，吞小鱼。,开阔的珊瑚礁水域。需要较大的游泳空间和强劲的水流。,倒吊类多以藻类为食，是珊瑚缸的清洁工。神仙类可能啄食软体珊瑚。,倒吊类（如粉蓝、蓝吊）极易感染海水白点病（所谓的'白点王'），检疫是必须流程。,/Users/wanshuiwanqigaozhishang/Downloads/MINIAPP/images/fish_baidu_狮子鱼_pterois.jpg,30-38,10-15,肉食,单养
狮头,Lionhead,Carassius auratus var.,冷水/国粹,金鱼,中国,medium,15,25,7,8,头部肉瘤极度发达，无背鳍。,水质要求高，需定期换水。,,,,/Users/wanshuiwanqigaozhishang/Downloads/MINIAPP/images/fish_new_狮头_carassius.jpg,15-20,10-15,杂食,同类
虎头,Tiger Head,Carassius auratus var.,冷水/国粹,金鱼,中国,medium,15,25,7,8,头部肉瘤较狮头更紧实。,需要良好的水质维护。,,,,/Users/wanshuiwanqigaozhishang/Downloads/MINIAPP/images/fish_new_虎头_carassius.jpg,15-20,10-15,杂食,同类
朝天眼,Celestial Eye,Carassius auratus var.,冷水/国粹,金鱼,中国,hard,15,25,7,8,眼睛朝上翻转，独特品种。,视力差，需单独喂食。,,,,/Users/wanshuiwanqigaozhishang/Downloads/MINIAPP/images/fish_new_朝天眼_carassius.jpg,10-15,5-10,杂食,同类单养
鹤顶红,Red Cap Oranda,Carassius auratus var.,冷水/国粹,金鱼,中国,medium,15,25,7,8,全身银白，头顶鲜红肉瘤。,保持水质稳定利于发色。,,,,/Users/wanshuiwanqigaozhishang/Downloads/MINIAPP/images/fish_new_鹤顶红_carassius.jpg,15-20,10-15,杂食,同类
绿莲灯,Green Neon Tetra,Paracheirodon simulans,灯科/加拉辛,南美小型,亚马逊,medium,24,28,5,6.5,比红绿灯更小，绿色荧光带。,需要极软的酸性水。,,,,/Users/wanshuiwanqigaozhishang/Downloads/MINIAPP/images/fish_new_绿莲灯_paracheirodon.jpg,2-2.5,3-5,杂食,群居温和
火焰灯,Ember Tetra,Hyphessobrycon amandae,灯科/加拉辛,南美小型,巴西,easy,23,28,5.5,7,通体橙红如火焰，迷你型。,深色底砂更利于发色。,,,,/Users/wanshuiwanqigaozhishang/Downloads/MINIAPP/images/fish_new_火焰灯_hyphessobrycon.jpg,1.5-2,2-4,杂食,群居温和
刚果灯,Congo Tetra,Phenacogrammus interruptus,灯科/加拉辛,其他加拉辛,刚果,medium,24,28,6,7.5,大型灯鱼，彩虹色泽，公鱼尾鳍延长。,需要较大的游泳空间。,,,,/Users/wanshuiwanqigaozhishang/Downloads/MINIAPP/images/fish_new_刚果灯_phenacogrammus.jpg,8-10,3-5,杂食,群居温和
红剪刀,Bleeding Heart Tetra,Hyphessobrycon erythrostigma,灯科/加拉辛,南美小型,南美,medium,23,28,6,7,体侧有红色心形斑点。,喜欢植物密集的环境。,,,,/Users/wanshuiwanqigaozhishang/Downloads/MINIAPP/images/fish_new_红剪刀_hyphessobrycon.jpg,6-8,3-5,杂食,群居温和
帝王鼠,Emperor Cory,Corydoras sp.,鼠鱼/异型,鼠鱼,秘鲁,medium,22,26,6,7.5,体型较大的鼠鱼，金属光泽。,需要细沙底材。,,,,/Users/wanshuiwanqigaozhishang/Downloads/MINIAPP/images/fish_new_帝王鼠_corydoras.jpg,6-8,10-15,杂食,群居温和
皇冠鼠,Emerald Cory,Corydoras splendens,鼠鱼/异型,鼠鱼,南美,easy,22,26,6,7.5,绿色金属光泽，体型大。,皮实好养，适合新手。,,,,/Users/wanshuiwanqigaozhishang/Downloads/MINIAPP/images/fish_new_皇冠鼠_corydoras.jpg,7-9,10-15,杂食,群居温和
太空飞鼠,Pygmy Cory,Corydoras pygmaeus,鼠鱼/异型,鼠鱼,南美,medium,22,26,6,7,迷你型鼠鱼，会在中层游动。,需要大群饲养。,,,,/Users/wanshuiwanqigaozhishang/Downloads/MINIAPP/images/fish_new_太空飞鼠_corydoras.jpg,2-3,3-5,杂食,群居温和
L333黄金帝王,King Tiger Pleco,Hypancistrus sp.,鼠鱼/异型,异型,巴西,medium,26,30,6,7,黄黑条纹，小型异型。,需要高温和洞穴。,,,,/Users/wanshuiwanqigaozhishang/Downloads/MINIAPP/images/fish_new_L333黄金帝王_hypancistrus.jpg,10-12,10-15,杂食,温和
L134豹纹,Leopard Frog Pleco,Peckoltia compta,鼠鱼/异型,异型,巴西,medium,26,30,6,7,黄底黑斑如豹纹。,需要沉木和洞穴。,,,,/Users/wanshuiwanqigaozhishang/Downloads/MINIAPP/images/fish_new_L134豹纹_peckoltia.jpg,10-12,10-15,杂食,温和
L066帝王,King Tiger Pleco,Hypancistrus sp.,鼠鱼/异型,异型,巴西,hard,28,32,6,7,黑白条纹分明，高端异型。,高温高氧是关键。,,,,/Users/wanshuiwanqigaozhishang/Downloads/MINIAPP/images/fish_new_L066帝王_hypancistrus.jpg,12-15,10-15,杂食,温和
小精灵,Otocinclus,Otocinclus affinis,工具鱼,除藻,南美,medium,22,26,6,7.5,草缸除藻神器，体型迷你。,需要稳定的老缸，不耐新水。,,,,/Users/wanshuiwanqigaozhishang/Downloads/MINIAPP/images/fish_new_小精灵_otocinclus.jpg,3-5,3-5,素食,群居温和
黑线飞狐,Siamese Algae Eater,Crossocheilus oblongus,工具鱼,除藻,东南亚,easy,24,28,6.5,7.5,吃黑毛藻的利器。,体型会变大，成年后除藻效率下降。,,,,/Users/wanshuiwanqigaozhishang/Downloads/MINIAPP/images/fish_new_黑线飞狐_crossocheilus.jpg,12-16,8-10,杂食,有攻击性
青苔鼠,Chinese Algae Eater,Gyrinocheilus aymonieri,工具鱼,除藻,东南亚,easy,22,28,6,8,幼鱼除藻好手。,成年后会吸其他鱼体表粘液，慎混养。,,,,/Users/wanshuiwanqigaozhishang/Downloads/MINIAPP/images/fish_new_青苔鼠_gyrinocheilus.jpg,15-28,10-15,杂食,有攻击性
大和藻虾,Amano Shrimp,Caridina multidentata,工具鱼,除藻,日本,easy,18,28,6.5,7.5,除藻效率最高的虾。,淡水不能繁殖，需定期补充。,,,,/Users/wanshuiwanqigaozhishang/Downloads/MINIAPP/images/fish_new_大和藻虾_caridina.jpg,4-5,2-3,杂食,温和
樱花虾,Cherry Shrimp,Neocaridina davidi,工具鱼,观赏虾,台湾,easy,18,28,6.5,8,红色观赏虾，易繁殖。,避免与大型鱼混养。,,,,/Users/wanshuiwanqigaozhishang/Downloads/MINIAPP/images/fish_new_樱花虾_neocaridina.jpg,2-3,1-2,杂食,温和
水晶虾,Crystal Red Shrimp,Caridina cantonensis,工具鱼,观赏虾,日本改良,hard,20,25,5.5,6.8,红白条纹，高端观赏虾。,对水质极其敏感。,,,,/Users/wanshuiwanqigaozhishang/Downloads/MINIAPP/images/fish_new_水晶虾_caridina.jpg,2-3,1.5-2,杂食,温和
苹果螺,Apple Snail,Pomacea bridgesii,工具鱼,螺类,南美,easy,18,28,7,8,清理残饵，多种颜色。,可能啃食水草嫩叶。,,,,/Users/wanshuiwanqigaozhishang/Downloads/MINIAPP/images/fish_new_苹果螺_pomacea.jpg,5-8,1-3,杂食,温和
斑马螺,Zebra Nerite,Neritina natalensis,工具鱼,螺类,非洲,easy,22,28,7,8.5,除藻效率高，不吃水草。,淡水不繁殖，会产白色卵。,,,,/Users/wanshuiwanqigaozhishang/Downloads/MINIAPP/images/fish_new_斑马螺_neritina.jpg,2-3,1-2,素食,温和
红宝石,Red Jewel Cichlid,Hemichromis bimaculatus,三湖慈鲷,马鲷,西非,medium,24,28,7,8,通体红色带蓝点，发色惊艳。,领地意识极强，繁殖期凶猛。,,,,/Users/wanshuiwanqigaozhishang/Downloads/MINIAPP/images/fish_new_红宝石_hemichromis.jpg,10-15,5-8,杂食,有攻击性
蓝宝石,Blue Peacock,Aulonocara stuartgranti,三湖慈鲷,孔雀,马拉维湖,medium,24,28,7.5,8.5,电光蓝色，孔雀类代表。,高密度饲养分散攻击力。,,,,/Users/wanshuiwanqigaozhishang/Downloads/MINIAPP/images/fish_new_蓝宝石_aulonocara.jpg,12-15,8-10,杂食,高密度
黄金孔雀,Lemon Jake,Aulonocara sp.,三湖慈鲷,孔雀,马拉维湖,medium,24,28,7.5,8.5,金黄色系孔雀。,沙层觅食，需细底砂。,,,,/Users/wanshuiwanqigaozhishang/Downloads/MINIAPP/images/fish_new_黄金孔雀_aulonocara.jpg,12-15,8-10,杂食,高密度
火焰红孔雀,Dragon Blood Peacock,Aulonocara sp.,三湖慈鲷,孔雀,改良,medium,24,28,7.5,8.5,橙红色改良品种。,避免与同色系混养。,,,,/Users/wanshuiwanqigaozhishang/Downloads/MINIAPP/images/fish_new_火焰红孔雀_aulonocara.jpg,12-15,8-10,杂食,高密度
礼服孔雀,Tuxedo Guppy,Poecilia reticulata var.,孔雀/卵胎生,孔雀品系,改良,easy,22,28,7,8,后半身深色如礼服。,基因稳定，繁殖容易。,,,,/Users/wanshuiwanqigaozhishang/Downloads/MINIAPP/images/fish_new_礼服孔雀_poecilia.jpg,3-5,2-3,杂食,群居温和
蛇纹孔雀,Cobra Guppy,Poecilia reticulata var.,孔雀/卵胎生,孔雀品系,改良,easy,22,28,7,8,身体有蛇皮般纹路。,体质强健。,,,,/Users/wanshuiwanqigaozhishang/Downloads/MINIAPP/images/fish_new_蛇纹孔雀_poecilia.jpg,3-5,2-3,杂食,群居温和
马赛克孔雀,Mosaic Guppy,Poecilia reticulata var.,孔雀/卵胎生,孔雀品系,改良,medium,22,28,7,8,尾部马赛克般斑块。,保持品系需要选种。,,,,/Users/wanshuiwanqigaozhishang/Downloads/MINIAPP/images/fish_new_马赛克孔雀_poecilia.jpg,3-5,2-3,杂食,群居温和
缎带孔雀,Ribbon Guppy,Poecilia reticulata var.,孔雀/卵胎生,孔雀品系,改良,medium,22,28,7,8,腹鳍延长如缎带。,游速慢，避免与快鱼混养。,,,,/Users/wanshuiwanqigaozhishang/Downloads/MINIAPP/images/fish_new_缎带孔雀_poecilia.jpg,3-5,2-3,杂食,群居温和
